player_name,teams,FG%,3PT FG%,FT%,SPG,BPG,PPG,APG,RPG,games_played
Al Horford,Celtics,79.91,44.18,68.42,0.3,0.14,34.5,2.9,6.2,57
Joel Embiid,76ers,78.9,31.84,85.32,1.86,1.43,79.4,4.1,10.0,58
P.J. Tucker,76ers,86.69,39.2,85.0,0.14,0.14,23.7,0.8,3.8,66
Marcus Smart,Celtics,74.34,34.53,74.11,1.16,0.32,36.4,6.3,3.1,56
Tobias Harris,76ers,76.54,39.32,86.61,0.48,0.66,40.7,2.6,5.8,65
Jayson Tatum,Celtics,72.14,34.9,84.74,1.59,0.82,67.1,4.6,8.7,68
Tyrese Maxey,76ers,68.89,44.06,84.58,0.55,0.62,41.2,3.7,3.0,55
Derrick White,Celtics,75.16,37.7,87.85,0.79,0.42,34.6,4.0,3.5,76
Jaylen Brown,Celtics,71.83,33.48,75.48,1.47,1.16,60.4,3.5,6.9,62
James Harden,76ers,74.56,39.45,87.18,2.18,0.88,54.7,10.8,6.4,51
Noah Vonleh,Celtics,90.08,25.0,100.0,0.11,0.22,13.3,0.4,2.4,18
Grant Williams,Celtics,80.46,39.71,76.72,0.4,0.3,30.2,1.6,4.5,73
Montrezl Harrell,76ers,87.18,0.0,69.32,0.28,0.32,20.5,0.5,2.8,50
Malcolm Brogdon,Celtics,73.78,43.12,85.71,0.9,0.77,35.8,3.8,4.2,62
Blake Griffin,Celtics,85.84,35.38,65.62,0.12,0.12,21.1,1.5,3.8,40
Danuel House Jr.,76ers,79.24,35.79,72.34,0.17,0.06,15.2,0.7,1.6,48
Georges Niang,76ers,75.27,40.58,87.8,0.34,0.19,24.3,1.0,2.4,70
De'Anthony Melton,76ers,75.81,38.33,79.22,0.87,0.31,33.8,2.7,4.1,68
Matisse Thybulle,"76ers, Trail Blazers",80.38,36.43,73.08,0.16,0.11,18.1,0.8,2.1,64
Sam Hauser,Celtics,76.15,42.77,70.59,0.27,0.08,19.7,0.9,2.7,73
Terry Porter,,0.0,0.0,0.0,0.0,0.0,0.0,0.0,0.0,0
Kevon Looney,Warriors,92.64,0.0,59.7,0.25,0.34,42.6,2.5,9.5,71
Anthony Davis,Lakers,81.11,23.88,77.49,0.9,1.02,71.8,2.7,12.7,50
Andrew Wiggins,Warriors,74.07,40.22,61.19,0.6,0.6,46.3,2.4,5.3,30
Russell Westbrook,"Clippers, Lakers",74.81,28.57,65.06,2.03,1.03,48.8,7.7,5.9,62
Patrick Beverley,"Lakers, Bulls",79.69,32.56,70.59,0.5,0.14,28.3,2.9,3.5,58
Draymond Green,Warriors,87.8,31.36,70.0,1.56,0.25,46.8,6.8,7.2,63
Klay Thompson,Warriors,65.73,40.65,90.43,0.87,0.51,45.3,2.3,4.1,61
Lonnie Walker IV,Lakers,68.78,35.55,84.78,0.38,0.4,25.8,1.2,1.9,48
Stephen Curry,Warriors,72.54,42.37,92.38,1.87,0.74,63.4,6.2,6.0,46
LeBron James,Lakers,74.13,32.11,76.45,2.12,0.85,69.5,7.0,8.4,48
Austin Reaves,Lakers,79.38,40.21,85.23,1.0,0.34,33.3,3.5,3.1,56
Jordan Poole,Warriors,70.37,32.68,87.47,1.46,0.92,50.0,4.6,2.8,71
Kendrick Nunn,"Lakers, Wizards",69.82,35.79,81.25,0.6,0.43,19.2,1.4,1.6,58
James Wiseman,"Warriors, Pistons",84.38,16.67,70.59,0.46,0.49,37.9,0.6,6.3,37
JaMychal Green,Warriors,83.84,39.39,75.41,0.39,0.24,23.3,0.9,3.6,49
Juan Toscano-Anderson,"Jazz, Lakers",84.52,19.51,85.71,0.33,0.24,17.9,1.3,2.6,45
Jonathan Kuminga,Warriors,80.62,36.72,64.46,0.63,0.49,31.4,1.9,3.4,59
Donte DiVincenzo,Warriors,77.67,41.11,83.08,0.81,0.23,32.8,3.4,4.6,64
Wenyen Gabriel,Lakers,89.12,27.59,60.56,0.27,0.28,25.4,0.5,4.3,60
Scott Burrell,,0.0,0.0,0.0,0.0,0.0,0.0,0.0,0.0,0
Moses Moody,Warriors,77.78,36.75,72.5,0.27,0.1,14.6,0.9,1.7,51
Matt Ryan,"Lakers, Timberwolves",67.06,39.19,85.71,0.13,0.17,11.4,0.5,0.8,23
Ryan Rollins,Warriors,79.66,25.0,100.0,0.67,0.22,11.3,0.6,1.1,9
Cole Swider,Lakers,75.0,37.5,0.0,0.0,0.0,6.5,0.7,1.2,6
Scotty Pippen Jr.,Lakers,64.71,33.33,57.14,0.2,0.2,5.4,0.4,0.4,5
Max Christie,Lakers,80.08,41.51,85.71,0.18,0.14,16.4,0.6,2.5,28
Isaiah Stewart,Pistons,80.06,32.93,71.93,0.44,0.46,43.7,1.5,8.2,39
Paolo Banchero,Magic,72.82,30.97,73.94,1.7,1.3,54.6,3.7,6.9,66
Jaden Ivey,Pistons,73.59,34.46,76.01,1.94,1.18,49.4,5.3,4.0,62
Cade Cunningham,Pistons,70.39,30.0,86.21,2.33,2.11,56.2,6.0,5.9,9
Jalen Suggs,Magic,75.38,32.42,73.08,1.06,0.54,31.4,2.8,3.0,48
Saddiq Bey,"Pistons, Hawks",70.53,34.81,87.37,0.31,0.7,34.1,1.4,4.7,64
Bojan Bogdanovic,Pistons,72.01,39.8,87.4,1.54,1.48,48.9,2.8,3.8,48
Wendell Carter Jr.,Magic,82.04,36.95,74.56,0.81,0.33,49.9,2.4,8.5,52
Terrence Ross,"Magic, Suns",71.41,35.95,80.65,0.4,0.27,22.9,1.5,2.4,60
Franz Wagner,Magic,74.21,35.91,84.41,1.22,1.09,47.4,3.6,4.1,74
Caleb Houstan,Magic,74.24,33.33,81.25,0.15,0.15,15.0,0.6,2.1,46
Jalen Duren,Pistons,91.06,0.0,62.5,0.58,0.45,44.5,1.1,9.3,55
Bol Bol,Magic,83.93,28.85,76.42,0.91,0.3,35.2,1.0,6.0,64
Cory Joseph,Pistons,73.03,39.63,79.41,0.54,0.33,20.8,3.8,1.8,52
Kevin Knox II,"Pistons, Trail Blazers",76.41,36.31,75.93,0.44,0.21,21.8,0.6,2.9,52
Mo Bamba,"Magic, Lakers",82.87,38.84,66.13,0.29,0.31,28.2,1.0,4.9,45
Killian Hayes,Pistons,70.37,28.4,81.25,1.44,0.33,34.0,6.3,2.9,64
Hamidou Diallo,Pistons,82.73,21.05,59.66,0.53,0.38,28.7,0.9,3.5,47
Chuma Okeke,Magic,75.66,28.21,73.33,0.33,0.17,20.5,1.4,3.6,24
R.J. Hampton,"Pistons, Magic",73.24,36.73,72.58,0.34,0.27,17.7,1.2,1.9,41
Kelly Olynyk,Jazz,83.5,38.67,85.44,1.23,0.44,46.0,3.8,6.1,64
Mike Conley,"Jazz, Timberwolves",72.91,36.54,82.88,1.12,0.24,32.7,6.6,2.7,59
Aaron Gordon,Nuggets,80.63,34.32,61.07,0.81,0.97,45.9,3.1,6.7,64
Jordan Clarkson,Jazz,69.56,33.65,81.66,1.82,0.89,49.4,4.3,4.1,56
Michael Porter Jr.,Nuggets,74.24,41.9,80.7,0.61,0.49,43.5,1.0,5.5,59
Jarred Vanderbilt,"Jazz, Lakers",87.8,31.03,70.07,0.61,0.37,39.3,2.3,7.5,75
Lauri Markkanen,Jazz,74.95,38.76,87.43,1.1,0.98,61.1,1.8,8.6,62
Jamal Murray,Nuggets,69.79,39.66,83.41,1.61,0.56,46.3,6.2,4.1,61
Kentavious Caldwell-Pope,Nuggets,74.74,42.14,81.2,0.66,0.1,29.8,2.4,2.8,71
Nikola Jokic,Nuggets,86.35,36.69,82.12,2.39,0.67,73.5,9.9,11.6,64
Bruce Brown,Nuggets,77.6,35.34,75.33,0.85,0.49,35.8,3.4,4.2,75
Collin Sexton,Jazz,76.32,39.64,82.07,0.95,1.07,35.2,2.9,2.1,44
Walker Kessler,Jazz,92.55,50.0,51.61,0.28,0.45,39.7,0.9,8.4,69
Rudy Gay,Jazz,73.51,26.45,86.96,0.33,0.04,19.4,1.0,2.9,52
Bones Hyland,"Clippers, Nuggets",67.78,35.57,84.69,0.83,0.62,29.7,3.0,2.4,53
Jeff Green,Nuggets,78.11,29.0,73.45,0.31,0.27,23.1,1.2,2.5,55
Malik Beasley,"Jazz, Lakers",66.54,35.39,76.56,0.74,0.32,31.6,1.6,3.5,77
Talen Horton-Tucker,Jazz,72.35,28.42,74.52,0.98,0.71,32.8,4.0,3.4,59
DeAndre Jordan,Nuggets,94.67,100.0,45.65,0.33,0.17,26.3,0.9,5.2,36
Davon Reed,"Nuggets, Lakers",77.35,35.0,66.67,0.22,0.17,10.9,0.6,1.4,36
Ish Smith,Nuggets,76.71,18.18,50.0,0.77,0.14,12.9,2.4,1.3,35
Christian Braun,Nuggets,81.07,37.36,61.02,0.21,0.37,18.7,0.9,2.6,67
Vlatko Cancar,Nuggets,80.0,39.42,92.5,0.4,0.17,17.7,1.3,2.2,52
Nickeil Alexander-Walker,"Jazz, Timberwolves",76.74,37.96,67.92,0.5,0.2,20.2,1.9,1.9,50
Peyton Watson,Nuggets,78.42,42.86,55.0,0.26,0.21,12.4,0.6,1.9,19
Nic Claxton,Nets,91.82,0.0,52.23,0.41,0.37,51.6,1.8,9.2,68
Kevin Durant,"Nets, Suns",76.99,42.06,91.8,2.34,0.55,62.2,4.8,6.7,44
Jonas Valanciunas,Pelicans,85.34,28.57,82.46,0.85,0.57,56.6,1.8,10.1,72
Ben Simmons,Nets,89.1,0.0,38.78,0.92,0.28,40.0,6.1,6.4,36
Zion Williamson,Pelicans,82.38,26.67,72.51,1.88,1.56,67.2,4.4,7.0,25
Herbert Jones,Pelicans,80.15,35.14,75.68,0.42,0.53,34.7,2.5,4.1,59
Kyrie Irving,"Nets, Mavericks",71.18,37.2,90.8,1.23,0.95,58.2,5.7,5.0,56
CJ McCollum,Pelicans,68.69,39.84,77.78,1.37,0.78,49.2,5.7,4.3,68
Brandon Ingram,Pelicans,71.84,38.36,87.75,1.95,0.76,55.3,6.0,5.3,41
Jose Alvarado,Pelicans,72.9,35.4,82.05,0.85,0.51,28.1,3.1,2.3,55
Royce O'Neale,Nets,77.12,38.85,71.64,0.79,0.37,35.5,3.8,5.1,68
Edmond Sumner,Nets,75.53,34.67,91.46,0.42,0.46,18.4,1.2,1.4,48
Day'Ron Sharpe,Nets,87.48,60.0,66.67,0.36,0.36,24.3,0.7,4.4,39
Larry Nance Jr.,Pelicans,88.04,33.33,68.49,0.26,0.23,28.3,1.8,5.5,61
Patty Mills,Nets,68.71,38.74,95.0,0.29,0.19,15.7,1.5,1.1,31
Trey Murphy III,Pelicans,74.18,40.78,90.53,0.31,0.29,34.9,1.5,3.4,72
Cam Thomas,Nets,66.35,34.58,88.03,0.61,0.2,21.7,1.4,1.8,46
Markieff Morris,"Nets, Mavericks",79.92,43.64,100.0,0.27,0.0,14.6,0.9,1.9,30
Devonte' Graham,"Pelicans, Spurs",69.47,36.39,74.4,0.45,0.15,20.1,2.7,1.7,67
Naji Marshall,Pelicans,76.31,31.5,78.49,0.69,0.51,30.4,2.6,3.7,71
Yuta Watanabe,Nets,80.75,45.05,68.42,0.12,0.19,18.5,0.9,2.4,48
Kessler Edwards,"Nets, Kings",79.07,32.08,73.33,0.3,0.15,16.1,0.7,2.2,27
Dyson Daniels,Pelicans,83.54,30.95,65.0,0.71,0.18,22.7,2.4,3.4,55
Jalen Smith,Pacers,79.42,25.48,76.11,0.38,0.64,33.5,0.9,5.4,56
Kristaps Porzingis,Wizards,77.43,38.56,83.89,1.14,0.89,61.7,2.7,8.5,57
Monte Morris,Wizards,75.92,37.99,86.57,0.71,0.27,29.2,5.2,3.3,55
Bradley Beal,Wizards,72.13,37.09,83.71,1.85,0.67,51.0,5.4,4.0,48
Tyrese Haliburton,Pacers,72.13,40.24,86.13,1.77,0.74,45.6,10.3,3.6,47
Chris Duarte,Pacers,70.65,31.58,82.54,0.6,0.35,24.4,1.4,2.6,40
Kyle Kuzma,Wizards,72.92,33.26,72.94,1.14,0.9,57.9,3.6,7.0,58
Deni Avdija,Wizards,81.41,29.02,74.1,0.84,0.46,37.9,2.7,6.4,67
Buddy Hield,Pacers,73.37,42.31,82.86,1.16,0.43,42.9,2.8,5.1,68
Terry Taylor,"Pacers, Bulls",80.13,25.0,54.55,0.05,0.32,13.7,0.5,2.2,19
Bennedict Mathurin,Pacers,71.97,33.71,82.11,0.98,1.15,41.9,1.5,4.3,66
T.J. McConnell,Pacers,81.49,43.14,84.75,1.21,0.21,29.0,5.3,3.1,63
Isaiah Jackson,Pacers,85.85,18.18,65.55,0.34,0.47,29.2,0.8,4.4,53
Rui Hachimura,"Lakers, Wizards",75.18,31.29,74.56,0.46,0.64,31.2,0.9,4.6,59
Delon Wright,Wizards,79.54,35.05,86.79,0.5,0.31,25.0,3.9,3.6,42
Daniel Gafford,Wizards,92.68,0.0,67.84,0.45,0.36,35.8,1.1,5.6,69
Aaron Nesmith,Pacers,77.52,39.18,84.35,0.48,0.69,35.0,1.3,3.7,62
Oshae Brissett,Pacers,75.11,30.71,70.0,0.23,0.3,19.8,0.7,3.2,56
Anthony Gill,Wizards,85.56,11.11,71.7,0.14,0.18,13.9,0.6,1.8,50
Will Barton,"Wizards, Raptors",69.59,37.97,80.49,0.47,0.47,20.7,2.1,2.4,49
Goga Bitadze,"Pacers, Magic",87.2,20.83,53.85,0.31,0.31,21.8,1.1,3.8,35
Fred Hoiberg,,0.0,0.0,0.0,0.0,0.0,0.0,0.0,0.0,0
Domantas Sabonis,Kings,87.48,38.16,72.89,1.44,0.79,68.4,7.2,12.2,73
De'Aaron Fox,Kings,73.87,32.54,77.26,1.79,0.67,56.5,6.3,4.3,67
KZ Okpala,Kings,86.81,33.33,87.5,0.08,0.08,10.5,0.4,1.0,25
Anfernee Simons,Trail Blazers,67.79,37.43,88.75,1.22,0.67,45.2,4.1,2.5,58
Harrison Barnes,Kings,74.71,37.04,84.51,0.59,0.41,36.1,1.6,4.6,76
Josh Hart,"Trail Blazers, Knicks",85.4,35.33,75.3,0.9,0.51,41.0,3.8,8.0,68
Jusuf Nurkic,Trail Blazers,84.71,36.04,66.49,1.1,0.69,55.8,2.9,9.0,49
Kevin Huerter,Kings,74.73,41.0,75.42,0.72,0.3,38.1,3.0,3.3,69
Jerami Grant,Trail Blazers,71.91,39.22,81.42,0.92,0.88,46.1,2.4,4.4,59
Damian Lillard,Trail Blazers,69.15,37.14,91.13,2.27,0.78,63.3,7.2,4.8,55
Drew Eubanks,Trail Blazers,90.16,38.89,65.25,0.41,0.12,30.0,1.3,5.3,73
Justise Winslow,Trail Blazers,80.65,31.71,72.22,0.81,0.41,34.3,3.4,5.0,27
Malik Monk,Kings,72.43,35.56,89.74,1.06,0.72,34.9,3.8,2.6,72
Davion Mitchell,Kings,78.43,31.49,80.77,0.46,0.14,20.8,2.3,1.2,74
Terence Davis,Kings,74.81,36.4,78.05,0.46,0.22,21.7,1.1,2.3,59
Shaedon Sharpe,Trail Blazers,75.22,36.68,71.72,0.68,0.39,27.4,1.2,2.9,76
Richaun Holmes,Kings,89.47,71.43,78.95,0.11,0.22,15.2,0.2,2.1,37
Trey Lyles,Kings,79.59,36.91,79.65,0.49,0.27,25.9,0.9,4.1,70
Muggsy Bogues,,0.0,0.0,0.0,0.0,0.0,0.0,0.0,0.0,0
Nassir Little,Trail Blazers,76.04,37.5,72.09,0.42,0.37,21.3,1.0,2.6,52
Deandre Ayton,Suns,83.26,33.33,76.88,0.82,0.59,56.6,1.6,9.8,61
JaVale McGee,Mavericks,89.26,40.0,58.97,0.32,0.19,18.2,0.2,2.5,37
Mikal Bridges,"Nets, Suns",69.1,37.07,89.02,1.08,0.66,43.8,3.4,4.3,74
Luka Doncic,Mavericks,72.95,33.4,74.87,2.56,0.68,71.3,7.9,8.8,57
Reggie Bullock,Mavericks,75.97,36.18,71.43,0.23,0.11,25.1,1.4,3.7,70
Cameron Johnson,"Nets, Suns",74.77,41.52,85.32,0.61,0.61,38.9,1.8,4.3,38
Chris Paul,Suns,73.54,37.71,82.64,1.41,0.11,38.9,8.5,4.1,54
Dorian Finney-Smith,"Mavericks, Nets",76.01,34.88,75.93,0.57,0.33,31.8,1.5,4.7,58
Devin Booker,Suns,69.87,34.71,85.76,1.7,0.74,55.7,5.7,4.5,47
Spencer Dinwiddie,"Mavericks, Nets",70.73,36.77,82.88,0.96,0.75,42.9,6.7,3.5,67
Christian Wood,Mavericks,79.31,37.1,77.38,0.72,0.62,47.1,1.7,7.3,61
Cameron Payne,Suns,70.09,37.57,74.07,0.86,0.42,28.2,4.3,2.1,43
Jock Landale,Suns,83.85,25.0,74.23,0.37,0.32,25.5,1.0,3.9,63
Torrey Craig,Suns,81.37,38.5,71.79,0.45,0.31,32.0,1.5,5.5,71
Tim Hardaway Jr.,Mavericks,65.55,38.53,78.95,0.46,0.37,31.3,1.9,3.4,63
Josh Okogie,Suns,75.58,33.33,73.45,0.39,0.3,24.4,1.4,3.5,64
Maxi Kleber,Mavericks,82.27,33.65,72.22,0.31,0.11,24.5,1.5,3.5,35
Josh Green,Mavericks,82.4,40.0,73.81,0.69,0.42,31.1,1.8,3.2,55
Damion Lee,Suns,76.95,44.59,89.9,0.48,0.16,25.1,1.3,3.0,67
Dario Saric,"Thunder, Suns",81.84,39.62,82.86,0.5,0.33,24.9,1.3,3.7,54
Bismack Biyombo,Suns,89.66,0.0,38.1,0.3,0.19,23.9,0.9,4.4,54
Jakob Poeltl,"Raptors, Spurs",88.26,0.0,60.23,1.02,0.48,51.1,2.9,9.0,62
Gordon Hayward,Hornets,74.59,33.56,80.52,0.94,0.38,38.8,4.1,4.3,47
Tre Jones,Spurs,74.11,29.71,86.93,1.1,0.57,36.5,6.3,3.4,61
Kelly Oubre Jr.,Hornets,69.13,31.53,75.61,0.72,1.15,49.4,1.1,5.2,47
Devin Vassell,Spurs,68.57,39.02,77.66,0.91,0.46,43.2,3.7,3.9,35
Mason Plumlee,"Clippers, Hornets",91.84,0.0,63.46,0.68,0.48,45.8,3.1,8.7,75
Keldon Johnson,Spurs,69.97,33.43,74.01,1.27,0.98,49.6,3.0,4.8,56
Terry Rozier,Hornets,64.98,33.4,80.4,1.12,1.05,46.7,5.2,4.2,58
P.J. Washington,Hornets,73.34,34.65,72.5,0.91,0.86,44.9,2.4,5.0,69
Jeremy Sochan,Spurs,77.96,24.39,68.57,0.9,0.9,41.1,2.6,5.4,50
Joshua Primo,Spurs,77.33,25.0,77.78,1.25,1.0,31.5,4.5,3.2,4
Jalen McDaniels,"76ers, Hornets",78.36,32.26,84.62,0.59,0.53,33.4,1.6,4.4,74
Doug McDermott,Spurs,73.58,41.64,75.38,0.41,0.34,27.0,1.4,2.1,58
Nick Richards,Hornets,89.94,100.0,73.81,0.22,0.6,34.6,0.6,6.4,60
Josh Richardson,"Pelicans, Spurs",72.22,36.84,85.14,0.79,0.16,28.1,2.7,2.6,58
Cody Martin,Hornets,75.81,16.67,40.0,0.2,0.6,19.6,2.0,2.6,5
Dennis Smith Jr.,Hornets,74.62,21.15,72.63,0.92,0.74,31.1,4.9,3.2,50
Zach Collins,Spurs,83.44,36.96,76.15,0.93,0.5,45.0,3.0,6.4,58
Keita Bates-Diop,Spurs,79.53,37.5,80.14,0.47,0.58,28.9,1.5,3.7,62
JT Thor,Hornets,79.02,32.43,75.0,0.4,0.19,16.6,0.5,2.2,62
James Bouknight,Hornets,70.26,30.69,66.67,0.5,0.38,18.7,1.3,2.2,32
Isaiah Roby,Spurs,79.19,29.41,54.84,0.38,0.15,15.8,0.9,2.5,39
Romeo Langford,Spurs,78.51,24.07,69.23,0.33,0.36,25.3,1.1,2.8,36
Gorgui Dieng,Spurs,80.98,26.87,75.0,0.46,0.12,21.2,1.7,3.6,26
Bryce McGowens,Hornets,75.21,33.33,72.86,0.5,0.45,19.5,1.2,2.1,40
Kai Jones,Hornets,87.0,22.22,73.08,0.18,0.21,18.4,0.4,3.0,39
Mark Williams,Hornets,89.21,0.0,71.08,0.36,0.42,37.5,0.4,7.4,36
Theo Maledon,Hornets,75.21,30.43,84.85,0.79,0.36,23.0,3.5,2.7,42
Karl-Anthony Towns,Timberwolves,79.31,35.33,87.6,1.37,0.67,62.4,4.8,8.1,27
Rudy Gobert,Timberwolves,90.99,0.0,64.53,0.77,0.61,57.8,1.2,11.7,62
Shai Gilgeous-Alexander,Thunder,71.7,34.18,90.17,1.83,1.42,60.7,5.5,4.7,64
Jaden McDaniels,Timberwolves,80.32,37.39,71.97,0.79,0.39,38.4,1.8,3.8,71
Kenrich Williams,Thunder,82.83,37.4,43.24,0.29,0.24,31.2,2.0,4.9,51
D'Angelo Russell,"Lakers, Timberwolves",73.08,38.58,83.57,1.59,0.35,43.7,6.1,3.0,66
Aleksej Pokusevski,Thunder,78.11,36.0,62.86,0.69,0.25,32.8,1.9,4.9,32
Anthony Edwards,Timberwolves,70.02,36.14,75.98,1.96,0.77,56.9,4.3,5.8,71
Josh Giddey,Thunder,77.84,32.26,75.0,1.88,1.06,55.5,6.1,7.9,72
Luguentz Dort,Thunder,71.03,33.83,77.29,0.59,0.73,40.2,2.1,4.5,71
Kyle Anderson,Timberwolves,83.38,43.82,73.11,0.79,0.26,34.8,4.8,5.3,61
Tre Mann,Thunder,70.07,31.37,76.36,0.54,0.25,23.6,1.8,2.4,65
Jeremiah Robinson-Earl,Thunder,79.17,33.94,82.5,0.2,0.29,26.7,1.0,4.2,41
Jordan McLaughlin,Timberwolves,76.33,27.78,83.33,0.51,0.21,14.0,3.1,1.4,39
Darius Bazley,"Thunder, Suns",80.77,37.74,54.29,0.31,0.62,21.4,0.9,3.2,42
Jaylen Nowell,Timberwolves,71.3,29.95,77.32,0.7,0.6,28.1,2.0,2.6,60
Jalen Williams,Thunder,78.84,34.92,81.01,0.77,0.72,40.9,3.2,4.5,71
Ousmane Dieng,Thunder,76.12,25.81,61.9,0.47,0.19,18.9,1.2,2.7,36
Joe Kleine,,0.0,0.0,0.0,0.0,0.0,0.0,0.0,0.0,0
Taurean Prince,Timberwolves,77.81,39.43,83.82,0.74,0.26,27.5,1.6,2.4,50
Bryn Forbes,Timberwolves,66.89,27.5,100.0,0.18,0.23,10.0,0.7,0.5,22
Mike Muscala,"Thunder, Celtics",78.83,39.3,76.0,0.12,0.17,21.7,0.8,3.4,59
Eugene Omoruyi,"Thunder, Pistons",78.61,29.89,68.57,0.31,0.46,24.5,0.7,2.7,39
Austin Rivers,Timberwolves,77.73,33.02,75.0,0.27,0.27,17.5,1.5,1.6,45
Randolph Keys,,0.0,0.0,0.0,0.0,0.0,0.0,0.0,0.0,0
Scottie Barnes,Raptors,75.39,26.87,77.25,1.08,0.61,47.2,4.9,6.6,71
Donovan Mitchell,Cavaliers,69.73,38.5,86.4,1.93,0.8,58.9,4.4,4.1,59
O.G. Anunoby,Raptors,74.84,38.97,83.12,0.97,0.98,46.1,2.0,5.0,60
Pascal Siakam,Raptors,73.37,31.85,77.62,1.38,0.49,59.0,5.8,7.8,63
Evan Mobley,Cavaliers,82.89,21.95,69.63,0.82,0.75,54.7,2.7,9.2,67
Gary Trent Jr.,Raptors,63.69,37.71,83.43,0.32,0.48,32.9,1.6,2.5,60
Caris LeVert,Cavaliers,72.72,38.35,72.67,1.05,0.43,34.8,3.9,3.7,63
Jarrett Allen,Cavaliers,88.41,14.29,73.02,0.66,0.67,51.1,1.7,9.9,58
Darius Garland,Cavaliers,70.98,40.23,86.43,1.79,0.81,50.7,7.8,2.8,58
Fred VanVleet,Raptors,65.89,34.71,89.33,1.22,0.83,43.7,7.2,4.1,64
Dean Wade,Cavaliers,81.74,36.61,65.22,0.31,0.14,22.4,0.8,3.4,36
Precious Achiuwa,Raptors,80.44,27.45,68.64,0.41,0.57,33.7,1.0,6.2,51
Isaac Okoro,Cavaliers,82.35,33.33,78.82,0.22,0.2,23.7,1.1,2.4,65
Kevin Love,"Cavaliers, Heat",78.62,34.35,86.9,0.72,0.15,34.2,1.9,6.5,54
Christian Koloko,Raptors,87.85,0.0,66.0,0.14,0.39,19.9,0.6,3.1,49
Dalano Banton,Raptors,73.36,28.0,70.83,0.36,0.21,15.5,1.2,1.6,28
Cedi Osman,Cavaliers,72.77,38.2,65.56,0.32,0.32,22.2,1.5,2.1,68
Thaddeus Young,Raptors,85.96,16.13,78.95,0.64,0.16,20.7,1.3,3.1,50
Juancho Hernangomez,Raptors,82.14,25.76,56.25,0.15,0.13,16.0,0.6,3.1,39
Raul Neto,Cavaliers,82.4,29.41,89.66,0.32,0.13,11.8,1.8,1.0,38
Steven Adams,Grizzlies,90.21,0.0,37.76,0.82,0.24,49.9,2.3,11.8,34
Ja Morant,Grizzlies,71.41,31.62,74.2,1.98,1.35,59.0,8.1,6.1,51
Julius Randle,Knicks,73.41,33.84,74.95,1.33,0.74,65.2,4.3,10.2,70
John Konchar,Grizzlies,80.72,32.88,74.07,0.34,0.2,22.5,1.4,4.2,61
Evan Fournier,Knicks,68.96,30.56,85.71,0.52,0.16,20.5,1.4,1.8,25
Desmond Bane,Grizzlies,73.39,38.78,88.08,1.02,1.22,53.5,4.4,4.9,51
RJ Barrett,Knicks,71.15,31.55,75.07,1.23,1.27,50.6,2.8,5.0,66
Jalen Brunson,Knicks,69.82,42.05,82.93,1.32,0.74,48.5,6.2,3.6,62
Santi Aldama,Grizzlies,78.93,34.51,74.55,0.41,0.27,30.6,1.2,4.8,64
Mitchell Robinson,Knicks,92.81,0.0,47.22,0.29,0.48,43.2,0.9,9.6,52
Brandon Clarke,Grizzlies,88.15,16.67,76.42,0.39,0.28,34.1,1.3,5.5,46
Immanuel Quickley,Knicks,70.25,35.96,83.02,0.52,0.37,34.3,3.3,4.2,73
Tyus Jones,Grizzlies,68.11,35.97,82.28,0.66,0.15,23.7,5.2,2.5,68
David Roddy,Grizzlies,74.41,28.57,60.0,0.42,0.31,21.6,0.9,2.8,59
Xavier Tillman,Grizzlies,87.53,18.18,53.73,0.36,0.54,29.1,1.6,5.3,50
Isaiah Hartenstein,Knicks,88.89,21.21,70.69,0.31,0.2,30.3,1.2,6.5,74
Cam Reddish,"Trail Blazers, Knicks",74.51,32.09,84.29,0.89,0.46,27.6,1.5,2.1,37
Derrick Rose,Knicks,67.38,26.79,90.0,0.42,0.5,16.7,1.5,1.4,24
Obi Toppin,Knicks,73.34,33.49,80.0,0.27,0.25,20.9,0.8,2.8,59
Jake LaRavia,Grizzlies,81.28,34.78,77.78,0.31,0.12,13.6,0.5,2.0,26
Bam Adebayo,Heat,80.28,0.0,80.17,0.98,0.68,60.8,3.2,9.3,66
Kyle Lowry,Heat,75.48,34.89,87.39,1.1,0.4,35.5,5.2,4.2,50
Nikola Vucevic,Bulls,80.04,34.3,82.64,0.82,0.53,57.5,3.2,11.2,73
Alex Caruso,Bulls,83.9,35.77,81.69,0.86,0.24,27.5,3.0,3.1,58
Jimmy Butler,Heat,75.8,37.08,85.1,0.82,0.81,48.0,5.4,5.8,57
Tyler Herro,Heat,70.31,37.89,93.33,1.42,0.73,49.6,4.2,5.4,60
DeMar DeRozan,Bulls,72.91,31.4,87.18,1.27,0.82,53.5,5.1,4.6,66
Ayo Dosunmu,Bulls,79.52,30.77,80.82,0.73,0.61,29.8,2.5,2.7,71
Patrick Williams,Bulls,76.91,40.96,87.06,0.41,0.45,32.2,1.1,4.0,73
Javonte Green,Bulls,86.38,35.48,67.44,0.3,0.23,19.9,0.7,2.7,30
Coby White,Bulls,73.05,36.88,87.93,0.57,0.34,27.0,2.7,2.8,65
Caleb Martin,Heat,78.71,36.32,80.73,0.53,0.38,33.5,1.7,4.9,64
Andre Drummond,Bulls,90.84,0.0,55.56,0.37,0.36,30.4,0.5,6.5,59
Dewayne Dedmon,"76ers, Heat",85.19,31.43,63.64,0.21,0.47,23.1,0.6,3.6,34
Max Strus,Heat,69.36,35.2,86.08,0.54,0.31,30.8,2.2,3.2,71
Goran Dragic,"Bucks, Bulls",72.05,34.78,69.77,0.5,0.26,19.3,2.6,1.4,54
Duncan Robinson,Heat,69.23,31.84,90.62,0.35,0.14,19.4,1.2,1.8,37
Gabe Vincent,Heat,71.05,31.61,87.32,0.83,0.3,27.5,2.5,2.2,60
Norman Powell,Clippers,72.21,38.78,81.1,1.02,0.68,37.6,1.8,2.9,56
Reggie Jackson,"Clippers, Nuggets",70.59,32.85,90.91,0.98,0.23,29.1,3.5,2.2,65
Marcus Morris Sr.,Clippers,71.82,35.64,76.47,0.44,0.21,31.2,1.8,3.9,61
Paul George,Clippers,72.47,36.91,86.45,1.87,0.68,58.6,5.1,6.2,53
Ivica Zubac,Clippers,91.01,0.0,69.74,0.76,0.55,50.7,1.1,10.1,71
John Wall,Clippers,72.81,31.73,67.31,1.72,0.91,34.8,5.3,2.8,32
Nicolas Batum,Clippers,79.88,39.1,68.89,0.36,0.07,23.8,1.6,3.8,73
Robert Covington,Clippers,78.67,37.4,72.22,0.36,0.2,21.1,1.0,3.4,45
Luke Kennard,"Clippers, Grizzlies",76.87,50.0,94.12,0.46,0.2,24.5,1.4,2.7,54
Damian Jones,"Jazz, Lakers",91.83,58.82,64.71,0.15,0.21,17.7,0.4,3.1,33
Terance Mann,Clippers,80.68,39.36,76.36,0.61,0.42,28.1,2.3,3.4,76
Kawhi Leonard,Clippers,72.55,41.49,86.67,1.0,0.5,49.9,3.9,6.4,50
Bruno Fernando,"Rockets, Hawks",87.41,0.0,71.74,0.2,0.37,21.6,0.7,3.6,35
Eric Gordon,"Clippers, Rockets",72.17,37.65,80.79,0.83,0.46,30.6,2.7,1.9,63
Jalen Green,Rockets,66.63,34.81,79.12,1.58,1.37,48.7,3.6,3.7,67
Kevin Porter Jr.,Rockets,73.79,34.95,77.16,2.22,1.02,53.0,5.6,5.4,51
Jabari Smith Jr.,Rockets,75.25,30.21,78.42,0.89,0.44,44.5,1.2,7.1,70
Kenyon Martin Jr.,Rockets,81.99,31.35,68.04,0.42,0.63,36.7,1.6,5.5,73
Tari Eason,Rockets,79.47,36.0,75.56,0.66,0.75,35.8,1.1,5.9,73
Alperen Sengun,Rockets,85.12,32.65,71.65,1.31,0.82,57.7,4.1,9.2,67
Josh Christopher,Rockets,73.64,24.69,74.07,0.7,0.32,16.7,1.1,1.1,57
Garrison Mathews,"Rockets, Hawks",71.74,34.78,90.2,0.15,0.04,14.3,0.5,1.4,48
Richard Manning,,0.0,0.0,0.0,0.0,0.0,0.0,0.0,0.0,0
Joe Harris,Nets,77.31,43.58,66.67,0.29,0.31,24.4,1.4,2.4,65
Stacey Augmon,,0.0,0.0,0.0,0.0,0.0,0.0,0.0,0.0,0
Jamie Watson,,0.0,0.0,0.0,0.0,0.0,0.0,0.0,0.0,0
Naz Reid,Timberwolves,81.14,35.2,67.27,0.59,0.49,36.3,1.1,5.1,61
Michael Finley,,0.0,0.0,0.0,0.0,0.0,0.0,0.0,0.0,0
Tony Massenburg,,0.0,0.0,0.0,0.0,0.0,0.0,0.0,0.0,0
Clint Capela,Hawks,88.83,0.0,60.18,0.36,0.45,49.4,0.9,11.2,58
John Collins,Hawks,80.12,26.7,81.1,0.6,0.68,42.6,1.2,6.5,63
Trae Young,Hawks,68.3,33.99,88.28,3.06,1.11,57.3,10.3,2.9,64
Dejounte Murray,Hawks,70.31,35.21,82.39,1.46,0.74,49.9,6.0,5.4,65
De'Andre Hunter,Hawks,72.83,34.85,82.9,0.72,0.64,40.2,1.4,4.3,61
Onyeka Okongwu,Hawks,89.45,33.33,77.36,0.35,0.56,40.0,1.0,7.3,71
Cole Anthony,Magic,75.04,35.42,89.74,0.86,0.36,37.1,4.0,4.8,56
Jalen Johnson,Hawks,81.57,27.27,60.32,0.26,0.39,23.9,1.2,4.2,62
Aaron Holiday,Hawks,76.53,41.03,85.71,0.35,0.3,14.9,1.5,1.3,54
Justin Holiday,"Mavericks, Hawks",73.12,31.78,62.5,0.34,0.22,15.9,0.9,1.2,41
Kevon Harris,Magic,80.55,35.0,76.32,0.3,0.27,15.6,0.5,2.0,33
Steve Scheffler,,0.0,0.0,0.0,0.0,0.0,0.0,0.0,0.0,0
Adrian Caldwell,,0.0,0.0,0.0,0.0,0.0,0.0,0.0,0.0,0
Andrew Nembhard,Pacers,74.41,31.67,79.31,1.17,0.38,30.4,4.5,2.8,64
James Johnson,Pacers,81.15,16.67,50.0,0.21,0.21,14.6,1.0,1.9,14
Steven Smith,,0.0,0.0,0.0,0.0,0.0,0.0,0.0,0.0,0
Willy Hernangomez,Pelicans,84.69,27.27,77.78,0.34,0.51,26.0,0.9,4.7,35
Grant Hill,,0.0,0.0,0.0,0.0,0.0,0.0,0.0,0.0,0
Zach LaVine,Bulls,70.48,35.91,84.62,1.47,0.94,52.0,4.2,4.4,68
Robin Lopez,Cavaliers,90.28,66.67,70.0,0.24,0.14,13.8,0.5,1.5,29
Derrick Jones Jr.,Bulls,82.6,32.88,74.03,0.15,0.35,19.3,0.5,2.5,55
Dalen Terry,Bulls,74.17,16.67,75.0,0.1,0.23,8.0,0.6,1.0,30
Lamar Stevens,Cavaliers,80.12,32.5,70.59,0.25,0.53,22.7,0.5,3.5,51
Isaiah Mobley,Cavaliers,79.55,60.0,100.0,0.0,0.29,10.7,0.1,2.0,7
Tony Bradley,Bulls,80.0,75.0,100.0,0.0,0.0,4.3,0.1,1.0,11
Marko Simonovic,Bulls,64.29,25.0,50.0,0.0,0.0,4.0,0.0,0.4,5
Brook Lopez,Bucks,81.61,37.46,79.33,0.48,0.31,49.9,1.3,6.8,71
Grayson Allen,Bucks,76.62,40.24,90.27,0.64,0.29,31.9,2.2,3.2,66
Usman Garuba,Rockets,89.35,39.22,59.52,0.21,0.23,20.8,0.8,4.2,66
Jrue Holiday,Bucks,74.57,39.58,84.67,2.0,0.67,51.2,7.1,5.1,61
Giannis Antetokounmpo,Bucks,80.27,26.42,64.05,1.44,1.27,83.5,5.7,11.9,59
Jevon Carter,Bucks,75.64,42.67,80.0,0.49,0.18,26.7,2.4,2.4,74
Greg Anthony,,0.0,0.0,0.0,0.0,0.0,0.0,0.0,0.0,0
Daishen Nix,Rockets,76.05,27.78,66.67,1.16,0.24,19.7,2.4,1.8,49
Jordan Nwora,"Bucks, Pacers",75.55,40.22,76.62,0.72,0.5,27.7,1.5,3.8,54
Bobby Portis,Bucks,79.99,37.34,76.52,0.52,0.49,48.7,1.6,9.7,63
George Hill,"Bucks, Pacers",81.11,35.23,74.51,0.3,0.16,18.0,2.5,1.9,43
Serge Ibaka,Bucks,84.4,42.86,61.54,0.21,0.21,18.0,0.3,2.9,14
Wesley Matthews,Bucks,77.93,29.31,85.71,0.21,0.02,15.6,0.6,2.2,48
Trevor Hudgins,Rockets,41.67,25.0,100.0,0.25,0.0,3.8,0.8,0.0,4
MarJon Beauchamp,Bucks,75.09,33.86,74.29,0.33,0.33,18.9,0.7,2.3,46
Boban Marjanovic,Rockets,90.91,0.0,73.08,0.35,0.08,11.5,0.3,2.0,26
Sandro Mamukelashvili,"Bucks, Spurs",77.82,31.11,67.27,0.31,0.26,23.3,1.3,4.2,39
Payton Pritchard,Celtics,71.73,37.41,75.0,0.53,0.2,16.8,1.4,1.9,45
Luke Kornet,Celtics,90.32,23.08,81.08,0.16,0.11,17.4,0.8,3.0,61
Isaiah Livers,Pistons,76.07,36.78,79.31,0.39,0.16,22.9,0.8,2.9,44
Kevin Garnett,,0.0,0.0,0.0,0.0,0.0,0.0,0.0,0.0,0
Keegan Murray,Kings,74.76,41.16,76.0,0.39,0.51,35.4,1.2,4.6,74
Amir Coffey,Clippers,73.68,27.03,77.42,0.26,0.37,14.1,1.3,1.3,38
Melvin Booker,,0.0,0.0,0.0,0.0,0.0,0.0,0.0,0.0,0
George Zidek,,0.0,0.0,0.0,0.0,0.0,0.0,0.0,0.0,0
Aaron Wiggins,Thunder,81.88,38.6,83.82,0.45,0.45,24.5,1.1,3.0,66
Zeke Nnaji,Nuggets,86.12,27.78,63.16,0.15,0.23,20.4,0.4,2.7,47
Lindy Waters III,Thunder,71.68,36.49,80.0,0.11,0.05,14.9,0.7,1.8,38
Christian Laettner,,0.0,0.0,0.0,0.0,0.0,0.0,0.0,0.0,0
Malachi Flynn,Raptors,69.23,37.27,79.17,0.25,0.2,14.5,1.4,1.4,44
Jaylin Williams,Thunder,83.42,41.12,69.39,0.2,0.36,29.7,1.6,5.1,45
Isaiah Joe,Thunder,73.04,41.98,82.29,0.38,0.16,24.8,1.3,2.5,68
Nathan Knight,Timberwolves,86.06,38.89,66.67,0.4,0.17,13.2,0.3,1.7,30
Wendell Moore Jr.,Timberwolves,72.46,7.69,80.0,0.21,0.11,5.5,0.8,0.5,19
Landry Shamet,Suns,67.26,37.56,88.24,0.55,0.34,23.0,2.4,1.7,38
Michael Adams,,0.0,0.0,0.0,0.0,0.0,0.0,0.0,0.0,0
Jason Preston,Clippers,74.07,29.41,0.0,0.64,0.0,11.4,2.5,1.6,11
Duane Washington Jr.,Suns,62.54,39.13,71.43,0.73,0.46,18.7,2.1,1.2,26
Moses Brown,"Clippers, Nets",89.61,0.0,45.83,0.15,0.33,19.3,0.1,4.2,33
Brandon Boston Jr.,Clippers,66.13,44.0,77.78,0.21,0.58,15.0,0.8,1.3,19
Troy Brown Jr.,Lakers,79.31,40.76,82.76,0.29,0.39,27.0,1.3,4.2,66
Bob Sura,,0.0,0.0,0.0,0.0,0.0,0.0,0.0,0.0,0
AJ Griffin,Hawks,72.61,39.29,87.8,0.35,0.32,22.5,1.0,2.1,65
Tyrese Martin,Hawks,69.23,0.0,100.0,0.22,0.22,6.2,0.2,1.2,9
Jaxson Hayes,Pelicans,85.71,7.69,68.0,0.37,0.16,18.8,0.7,2.8,43
Dell Demps,,0.0,0.0,0.0,0.0,0.0,0.0,0.0,0.0,0
Stacey King,,0.0,0.0,0.0,0.0,0.0,0.0,0.0,0.0,0
Chimezie Metu,Kings,86.74,25.0,73.91,0.22,0.17,19.0,0.6,3.0,59
Shake Milton,76ers,76.78,37.4,83.0,0.64,0.52,25.1,3.1,2.5,66
Paul Reed,76ers,88.89,0.0,75.51,0.28,0.24,21.3,0.4,3.8,58
Furkan Korkmaz,76ers,74.35,35.29,68.97,0.34,0.24,10.9,0.5,1.1,29
Jaden Springer,76ers,77.63,50.0,75.0,0.21,0.21,9.0,0.5,0.9,14
Chris Boucher,Raptors,79.69,31.48,74.52,0.21,0.47,30.1,0.4,5.4,68
Haywood Highsmith,Heat,81.92,34.04,50.0,0.53,0.18,23.0,0.9,3.7,45
Khem Birch,Raptors,87.96,0.0,66.67,0.06,0.06,10.7,0.4,1.3,18
Kevin Pritchard,,0.0,0.0,0.0,0.0,0.0,0.0,0.0,0.0,0
Justin Jackson,Celtics,66.07,26.32,50.0,0.0,0.06,4.4,0.5,0.9,18
Malcolm Hill,Bulls,77.78,33.33,0.0,0.0,0.0,7.5,0.0,1.5,2
Dillon Brooks,Grizzlies,68.97,32.26,80.65,0.81,0.35,38.4,2.4,3.2,63
Bobby Phills,,0.0,0.0,0.0,0.0,0.0,0.0,0.0,0.0,0
Keith Tower,,0.0,0.0,0.0,0.0,0.0,0.0,0.0,0.0,0
Keon Johnson,Trail Blazers,70.32,35.06,66.67,0.61,0.17,15.0,1.4,1.1,36
Greg Brown III,Trail Blazers,75.41,16.67,25.0,0.0,0.25,7.9,0.2,1.2,12
Jabari Walker,Trail Blazers,77.83,30.77,74.42,0.31,0.25,16.2,0.6,2.5,48
Simone Fontecchio,Jazz,68.12,32.95,79.55,0.49,0.35,20.3,0.9,1.8,43
Cherokee Parks,,0.0,0.0,0.0,0.0,0.0,0.0,0.0,0.0,0
Facundo Campazzo,Mavericks,64.29,27.27,50.0,0.0,0.17,6.7,1.5,0.3,6
Anfernee Hardaway,,0.0,0.0,0.0,0.0,0.0,0.0,0.0,0.0,0
Pete Chilcutt,,0.0,0.0,0.0,0.0,0.0,0.0,0.0,0.0,0
Sherell Ford,,0.0,0.0,0.0,0.0,0.0,0.0,0.0,0.0,0
Jae'Sean Tate,Rockets,82.09,31.71,72.13,0.62,0.86,36.1,2.8,3.9,29
Nikola Jovic,Heat,76.87,24.14,94.12,0.42,0.0,20.8,0.4,2.2,12
Dru Smith,"Nets, Heat",76.77,26.32,100.0,0.08,0.23,12.2,1.5,1.5,13
Udonis Haslem,Heat,70.69,37.5,80.0,0.0,0.0,14.8,0.0,1.7,6
Billy Owens,,0.0,0.0,0.0,0.0,0.0,0.0,0.0,0.0,0
Ronnie Grandison,,0.0,0.0,0.0,0.0,0.0,0.0,0.0,0.0,0
Steve Nash,,0.0,0.0,0.0,0.0,0.0,0.0,0.0,0.0,0
Donny Marshall,,0.0,0.0,0.0,0.0,0.0,0.0,0.0,0.0,0
Ron Harper,,0.0,0.0,0.0,0.0,0.0,0.0,0.0,0.0,0
David Duke Jr.,Nets,78.21,12.5,63.64,0.37,0.47,13.3,0.9,1.1,19
Derek Harper,,0.0,0.0,0.0,0.0,0.0,0.0,0.0,0.0,0
Chima Moneke,Kings,90.91,0.0,0.0,0.5,0.0,10.0,0.5,1.0,2
Alex Len,Kings,92.07,0.0,68.75,0.38,0.05,14.9,0.5,2.6,21
Willie Anderson,,0.0,0.0,0.0,0.0,0.0,0.0,0.0,0.0,0
Ty Jerome,Warriors,77.24,40.48,91.89,0.34,0.24,21.8,3.2,2.0,38
Moussa Diabate,Clippers,84.0,50.0,75.0,0.18,0.29,12.9,0.2,2.6,17
Eddie Jones,,0.0,0.0,0.0,0.0,0.0,0.0,0.0,0.0,0
Rumeal Robinson,,0.0,0.0,0.0,0.0,0.0,0.0,0.0,0.0,0
Blake Wesley,Spurs,73.64,35.42,61.9,1.09,0.74,23.6,2.5,2.1,34
Ochai Agbaji,Jazz,71.82,36.04,79.69,0.28,0.38,23.2,1.2,2.2,53
Leandro Bolmaro,Jazz,70.45,0.0,0.0,0.6,0.1,6.2,0.6,0.6,10
Udoka Azubuike,Jazz,95.59,0.0,35.0,0.16,0.09,17.8,0.3,3.6,32
Micah Potter,Jazz,88.64,57.14,0.0,0.17,0.0,13.7,0.7,2.7,6
Jack White,Nuggets,80.0,28.57,66.67,0.0,0.1,6.8,0.4,1.5,10
Admiral Schofield,Magic,79.23,30.43,91.3,0.33,0.18,16.3,0.9,1.8,33
Robert Werdann,,0.0,0.0,0.0,0.0,0.0,0.0,0.0,0.0,0
B.J. Tyler,,0.0,0.0,0.0,0.0,0.0,0.0,0.0,0.0,0
Howard Eisley,,0.0,0.0,0.0,0.0,0.0,0.0,0.0,0.0,0
Terrence Rencher,,0.0,0.0,0.0,0.0,0.0,0.0,0.0,0.0,0
Myles Turner,Pacers,81.74,37.67,78.03,0.6,0.49,53.4,1.4,7.4,53
Johnny Davis,Wizards,69.74,24.19,52.17,0.55,0.32,20.5,1.0,2.6,22
Alton Lister,,0.0,0.0,0.0,0.0,0.0,0.0,0.0,0.0,0
Isaiah Todd,Wizards,60.0,10.0,100.0,0.0,0.2,10.2,0.8,2.4,5
Garrett Temple,Pelicans,71.91,44.0,75.0,0.1,0.1,6.8,0.5,0.8,21
Frank Kaminsky,"Rockets, Hawks",83.23,44.83,83.33,0.2,0.12,12.0,1.2,1.8,25
Vit Krejci,Hawks,77.11,12.5,0.0,0.11,0.17,7.2,0.9,1.2,18
Jason Kidd,,0.0,0.0,0.0,0.0,0.0,0.0,0.0,0.0,0
Justin Champagnie,"Celtics, Raptors",58.33,20.0,0.0,0.0,0.67,9.7,1.0,1.7,3
Dana Barros,,0.0,0.0,0.0,0.0,0.0,0.0,0.0,0.0,0
Jon Koncak,,0.0,0.0,0.0,0.0,0.0,0.0,0.0,0.0,0
Marques Bragg,,0.0,0.0,0.0,0.0,0.0,0.0,0.0,0.0,0
Doug Christie,,0.0,0.0,0.0,0.0,0.0,0.0,0.0,0.0,0
Andrew DeClercq,,0.0,0.0,0.0,0.0,0.0,0.0,0.0,0.0,0
Kennedy Chandler,Grizzlies,76.47,14.29,44.44,0.39,0.39,11.6,2.1,1.4,23
Tom Gugliotta,,0.0,0.0,0.0,0.0,0.0,0.0,0.0,0.0,0
Dwight Powell,Mavericks,93.64,0.0,67.61,0.22,0.24,30.4,1.0,4.2,67
Jaden Hardy,Mavericks,71.45,41.5,81.58,0.56,0.66,24.4,1.6,2.0,41
David Vaughn,,0.0,0.0,0.0,0.0,0.0,0.0,0.0,0.0,0
Seth Curry,Nets,72.06,40.1,92.16,0.35,0.2,22.3,1.5,1.5,54
Shawn Kemp,,0.0,0.0,0.0,0.0,0.0,0.0,0.0,0.0,0
Reggie Jordan,,0.0,0.0,0.0,0.0,0.0,0.0,0.0,0.0,0
Jordan Goodwin,Wizards,78.16,32.69,76.36,0.65,0.48,24.3,2.7,3.3,54
Jordan Schakel,Wizards,66.67,100.0,0.0,0.0,0.0,5.0,1.0,0.0,1
Taj Gibson,Wizards,86.39,22.22,70.0,0.12,0.14,16.1,0.8,2.0,43
Vin Baker,,0.0,0.0,0.0,0.0,0.0,0.0,0.0,0.0,0
Malaki Branham,Spurs,72.79,31.58,81.54,0.75,0.59,30.1,2.0,2.8,59
Kenneth Lofton Jr.,Grizzlies,79.67,42.86,62.5,0.26,0.21,16.4,0.9,2.4,19
Vince Williams Jr.,Grizzlies,63.38,15.38,100.0,0.0,0.1,9.6,0.4,1.5,10
Mark Bryant,,0.0,0.0,0.0,0.0,0.0,0.0,0.0,0.0,0
Nerlens Noel,"Pistons, Nets",85.9,50.0,66.67,0.31,0.12,17.3,0.6,2.9,16
John Amaechi,,0.0,0.0,0.0,0.0,0.0,0.0,0.0,0.0,0
Tyrone Hill,,0.0,0.0,0.0,0.0,0.0,0.0,0.0,0.0,0
Matthew Dellavedova,Kings,76.0,34.62,57.14,0.22,0.04,8.8,1.8,0.6,23
Elliot Perry,,0.0,0.0,0.0,0.0,0.0,0.0,0.0,0.0,0
Sean Rooks,,0.0,0.0,0.0,0.0,0.0,0.0,0.0,0.0,0
Quentin Grimes,Knicks,73.82,37.19,81.18,0.48,0.26,28.2,1.9,3.1,65
Kevin Gamble,,0.0,0.0,0.0,0.0,0.0,0.0,0.0,0.0,0
Vincent Askew,,0.0,0.0,0.0,0.0,0.0,0.0,0.0,0.0,0
Thanasis Antetokounmpo,Bucks,82.98,0.0,50.0,0.08,0.17,10.2,0.6,1.8,24
Rodney McGruder,Pistons,74.49,45.88,81.25,0.27,0.31,18.8,1.0,2.5,26
Braxton Key,Pistons,100.0,0.0,0.0,0.0,0.0,3.0,0.0,0.5,2
Otto Porter Jr.,Raptors,81.25,35.29,100.0,0.38,0.0,18.0,1.0,2.4,8
Jordan Hall,Spurs,67.39,23.08,77.78,0.29,0.14,10.3,1.1,1.3,7
Rick Mahorn,,0.0,0.0,0.0,0.0,0.0,0.0,0.0,0.0,0
Charles Bassey,Spurs,91.23,37.5,59.46,0.53,0.09,30.0,1.4,5.8,32
Dominick Barlow,Spurs,87.68,0.0,72.0,0.27,0.27,19.8,0.8,3.6,26
Jeff Dowtin Jr.,Raptors,75.53,23.08,66.67,0.06,0.12,9.3,1.4,1.1,16
Corey Kispert,Wizards,76.36,42.56,85.29,0.32,0.42,28.1,1.2,2.7,66
Dontonio Wingfield,,0.0,0.0,0.0,0.0,0.0,0.0,0.0,0.0,0
Mitchell Butler,,0.0,0.0,0.0,0.0,0.0,0.0,0.0,0.0,0
Anthony Lamb,Warriors,81.17,35.96,73.47,0.54,0.2,26.0,1.6,3.5,54
Patrick Baldwin Jr.,Warriors,67.34,38.55,66.67,0.16,0.12,12.2,0.4,1.5,25
Jericho Sims,Knicks,96.15,0.0,72.73,0.17,0.13,23.0,0.5,4.8,46
Dennis Scott,,0.0,0.0,0.0,0.0,0.0,0.0,0.0,0.0,0
Wesley Person,,0.0,0.0,0.0,0.0,0.0,0.0,0.0,0.0,0
Mamadi Diakite,Cavaliers,82.08,28.57,100.0,0.07,0.07,12.9,0.2,1.6,14
Juwan Howard,,0.0,0.0,0.0,0.0,0.0,0.0,0.0,0.0,0
Jimmy King,,0.0,0.0,0.0,0.0,0.0,0.0,0.0,0.0,0
Jud Buechler,,0.0,0.0,0.0,0.0,0.0,0.0,0.0,0.0,0
Trendon Watford,Trail Blazers,84.28,41.67,68.89,0.56,0.23,26.5,2.1,3.9,57
John Butler Jr.,Trail Blazers,67.86,22.86,75.0,0.07,0.13,10.9,0.7,1.1,15
Shaquille O'Neal,,0.0,0.0,0.0,0.0,0.0,0.0,0.0,0.0,0
Adam Keefe,,0.0,0.0,0.0,0.0,0.0,0.0,0.0,0.0,0
Tony Smith,,0.0,0.0,0.0,0.0,0.0,0.0,0.0,0.0,0
Trent Forrest,Hawks,81.29,0.0,66.67,0.61,0.33,15.6,2.1,1.9,18
Jarrett Culver,Hawks,80.7,10.0,69.23,0.5,0.5,24.2,0.8,4.4,8
Lucious Harris,,0.0,0.0,0.0,0.0,0.0,0.0,0.0,0.0,0
Anthony Tucker,,0.0,0.0,0.0,0.0,0.0,0.0,0.0,0.0,0
Andrew Lang,,0.0,0.0,0.0,0.0,0.0,0.0,0.0,0.0,0
Miles McBride,Knicks,70.12,30.65,71.05,0.15,0.19,12.4,1.2,0.9,52
Svi Mykhailiuk,"Knicks, Hornets",72.73,43.68,65.71,0.62,0.42,21.2,2.0,1.8,24
Ryan Arcidiacono,"Trail Blazers, Knicks",74.7,40.0,0.0,0.45,0.09,12.0,1.5,1.4,11
Frank Ntilikina,Mavericks,77.75,26.23,64.52,0.32,0.17,14.3,1.3,1.4,41
Andy Toolson,,0.0,0.0,0.0,0.0,0.0,0.0,0.0,0.0,0
Eric Williams,,0.0,0.0,0.0,0.0,0.0,0.0,0.0,0.0,0
Alec Burks,Pistons,71.16,42.29,81.53,0.5,0.26,30.7,2.2,2.9,42
J.D. Davison,Celtics,75.0,28.57,50.0,0.43,0.14,9.0,1.6,1.1,7
Chucky Brown,,0.0,0.0,0.0,0.0,0.0,0.0,0.0,0.0,0
Marvin Bagley III,Pistons,79.84,31.48,76.25,0.37,0.34,35.9,0.9,6.0,35
Vernon Carey Jr.,Wizards,76.0,0.0,100.0,0.0,0.12,5.0,0.4,1.2,8
George McCloud,,0.0,0.0,0.0,0.0,0.0,0.0,0.0,0.0,0
Lindsey Hunter,,0.0,0.0,0.0,0.0,0.0,0.0,0.0,0.0,0
LaMelo Ball,Hornets,69.91,38.05,83.5,1.71,0.74,62.5,8.6,6.4,31
Jamal Cain,Heat,84.25,38.89,77.27,0.2,0.07,18.0,0.7,3.1,15
Greg Minor,,0.0,0.0,0.0,0.0,0.0,0.0,0.0,0.0,0
Mario Elie,,0.0,0.0,0.0,0.0,0.0,0.0,0.0,0.0,0
Donnie Boyce,,0.0,0.0,0.0,0.0,0.0,0.0,0.0,0.0,0
Rick Fox,,0.0,0.0,0.0,0.0,0.0,0.0,0.0,0.0,0
TyTy Washington Jr.,Rockets,67.97,26.76,56.25,0.29,0.14,14.6,1.6,1.5,28
Kevin Duckworth,,0.0,0.0,0.0,0.0,0.0,0.0,0.0,0.0,0
Jaren Jackson Jr.,Grizzlies,79.18,35.47,79.44,0.74,1.06,54.9,1.0,6.6,53
Sam Cassell,,0.0,0.0,0.0,0.0,0.0,0.0,0.0,0.0,0
A.J. Lawson,"Mavericks, Timberwolves",78.31,40.91,25.0,0.18,0.18,12.8,0.1,1.8,11
Ish Wainright,Suns,76.23,32.68,82.76,0.11,0.11,16.6,0.9,2.2,53
Doc Rivers,,0.0,0.0,0.0,0.0,0.0,0.0,0.0,0.0,0
Davis Bertans,Mavericks,75.24,40.34,91.67,0.19,0.08,14.5,0.5,1.3,36
Joe Wolf,,0.0,0.0,0.0,0.0,0.0,0.0,0.0,0.0,0
Doug Smith,,0.0,0.0,0.0,0.0,0.0,0.0,0.0,0.0,0
AJ Green,Bucks,71.9,40.24,100.0,0.15,0.04,13.0,0.8,1.4,26
Corliss Williamson,,0.0,0.0,0.0,0.0,0.0,0.0,0.0,0.0,0
Tim Breaux,,0.0,0.0,0.0,0.0,0.0,0.0,0.0,0.0,0
Toni Kukoc,,0.0,0.0,0.0,0.0,0.0,0.0,0.0,0.0,0
Keon Ellis,Kings,76.47,54.55,57.14,0.0,0.0,4.8,0.5,0.6,13
Willie Burton,,0.0,0.0,0.0,0.0,0.0,0.0,0.0,0.0,0
Gary Harris,Magic,75.91,44.39,89.29,0.28,0.28,23.8,1.1,2.1,43
Chris Mills,,0.0,0.0,0.0,0.0,0.0,0.0,0.0,0.0,0
Donald Royal,,0.0,0.0,0.0,0.0,0.0,0.0,0.0,0.0,0
Theo Pinson,Mavericks,77.06,34.62,81.82,0.19,0.16,11.7,1.4,1.8,31
Jerome Allen,,0.0,0.0,0.0,0.0,0.0,0.0,0.0,0.0,0
Kenny Anderson,,0.0,0.0,0.0,0.0,0.0,0.0,0.0,0.0,0
Dennis Schroder,Lakers,71.92,33.83,84.58,1.17,0.71,34.4,4.6,2.4,59
Thomas Bryant,"Nuggets, Lakers",86.68,47.17,71.96,0.27,0.61,34.7,0.5,6.1,51
Clifford Robinson,,0.0,0.0,0.0,0.0,0.0,0.0,0.0,0.0,0
Orlando Robinson,Heat,89.58,0.0,70.97,0.21,0.29,22.3,0.9,4.0,28
Jayson Williams,,0.0,0.0,0.0,0.0,0.0,0.0,0.0,0.0,0
Antoine Carr,,0.0,0.0,0.0,0.0,0.0,0.0,0.0,0.0,0
Jamal Mashburn,,0.0,0.0,0.0,0.0,0.0,0.0,0.0,0.0,0
Robert Parish,,0.0,0.0,0.0,0.0,0.0,0.0,0.0,0.0,0
Antonio Harvey,,0.0,0.0,0.0,0.0,0.0,0.0,0.0,0.0,0
Stefano Rusconi,,0.0,0.0,0.0,0.0,0.0,0.0,0.0,0.0,0
Terry Cummings,,0.0,0.0,0.0,0.0,0.0,0.0,0.0,0.0,0
Pat Connaughton,Bucks,75.52,34.04,70.97,0.29,0.25,27.4,1.2,4.7,55
Derrick Alston,,0.0,0.0,0.0,0.0,0.0,0.0,0.0,0.0,0
Julian Champagnie,"76ers, Spurs",72.69,39.71,76.92,0.36,0.21,25.1,0.6,3.8,14
Vernon Maxwell,,0.0,0.0,0.0,0.0,0.0,0.0,0.0,0.0,0
Eric Leckner,,0.0,0.0,0.0,0.0,0.0,0.0,0.0,0.0,0
Bill Wennington,,0.0,0.0,0.0,0.0,0.0,0.0,0.0,0.0,0
Darrin Hancock,,0.0,0.0,0.0,0.0,0.0,0.0,0.0,0.0,0
Ron Harper Jr.,Raptors,76.0,42.86,100.0,0.0,0.14,6.0,0.6,1.0,7
Kendall Brown,Pacers,89.29,0.0,50.0,0.0,0.17,8.5,0.5,1.0,6
Joe Dumars,,0.0,0.0,0.0,0.0,0.0,0.0,0.0,0.0,0
Antonio Davis,,0.0,0.0,0.0,0.0,0.0,0.0,0.0,0.0,0
Harvey Grant,,0.0,0.0,0.0,0.0,0.0,0.0,0.0,0.0,0
Anthony Mason,,0.0,0.0,0.0,0.0,0.0,0.0,0.0,0.0,0
Yinka Dare,,0.0,0.0,0.0,0.0,0.0,0.0,0.0,0.0,0
Thomas Hamilton,,0.0,0.0,0.0,0.0,0.0,0.0,0.0,0.0,0
Lorenzo Williams,,0.0,0.0,0.0,0.0,0.0,0.0,0.0,0.0,0
Hakeem Olajuwon,,0.0,0.0,0.0,0.0,0.0,0.0,0.0,0.0,0
Moritz Wagner,Magic,81.2,31.97,84.85,0.4,0.56,33.7,1.5,4.6,52
Kenny Smith,,0.0,0.0,0.0,0.0,0.0,0.0,0.0,0.0,0
Brent Price,,0.0,0.0,0.0,0.0,0.0,0.0,0.0,0.0,0
Devon Dotson,Wizards,69.57,0.0,0.0,0.0,0.25,8.0,1.2,1.5,4
LaPhonso Ellis,,0.0,0.0,0.0,0.0,0.0,0.0,0.0,0.0,0
Josh Minott,Timberwolves,76.56,33.33,100.0,0.0,0.3,10.6,0.3,2.2,10
Mfiondu Kabengele,Celtics,78.26,0.0,100.0,0.0,0.0,9.5,0.0,2.5,4
Danny Manning,,0.0,0.0,0.0,0.0,0.0,0.0,0.0,0.0,0
John Coker,,0.0,0.0,0.0,0.0,0.0,0.0,0.0,0.0,0
Michael Cage,,0.0,0.0,0.0,0.0,0.0,0.0,0.0,0.0,0
Markelle Fultz,Magic,77.14,30.38,78.26,1.34,0.7,39.1,5.6,3.9,56
James Robinson,,0.0,0.0,0.0,0.0,0.0,0.0,0.0,0.0,0
Alize Johnson,Spurs,89.29,0.0,50.0,0.25,0.0,12.8,0.2,2.5,4
Johnny Newman,,0.0,0.0,0.0,0.0,0.0,0.0,0.0,0.0,0
Armen Gilliam,,0.0,0.0,0.0,0.0,0.0,0.0,0.0,0.0,0
Tyus Edney,,0.0,0.0,0.0,0.0,0.0,0.0,0.0,0.0,0
Lou Roe,,0.0,0.0,0.0,0.0,0.0,0.0,0.0,0.0,0
T.J. Warren,"Nets, Suns",75.26,34.48,82.14,0.14,0.19,21.0,1.1,3.0,36
Bogdan Bogdanovic,Hawks,70.81,41.14,82.35,0.91,0.28,33.8,2.9,3.1,47
Rex Chapman,,0.0,0.0,0.0,0.0,0.0,0.0,0.0,0.0,0
Khris Middleton,Bucks,73.68,31.48,90.2,1.39,0.58,43.2,4.9,4.2,33
Derrick Phelps,,0.0,0.0,0.0,0.0,0.0,0.0,0.0,0.0,0
Terry Dehere,,0.0,0.0,0.0,0.0,0.0,0.0,0.0,0.0,0
J.R. Reid,,0.0,0.0,0.0,0.0,0.0,0.0,0.0,0.0,0
Jalen Rose,,0.0,0.0,0.0,0.0,0.0,0.0,0.0,0.0,0
Trevelin Queen,Pacers,70.97,16.67,100.0,0.83,0.17,15.3,0.8,2.5,6
Sherman Douglas,,0.0,0.0,0.0,0.0,0.0,0.0,0.0,0.0,0
Victor Oladipo,Heat,72.59,35.43,72.46,1.25,0.39,32.4,3.3,2.9,36
Doug Edwards,,0.0,0.0,0.0,0.0,0.0,0.0,0.0,0.0,0
Micheal Williams,,0.0,0.0,0.0,0.0,0.0,0.0,0.0,0.0,0
Ziaire Williams,Grizzlies,75.4,27.38,77.27,0.63,0.07,20.3,0.9,2.3,30
Reggie Williams,,0.0,0.0,0.0,0.0,0.0,0.0,0.0,0.0,0
Luka Garza,Timberwolves,80.91,38.89,80.0,0.17,0.3,19.3,0.6,2.4,23
Mookie Blaylock,,0.0,0.0,0.0,0.0,0.0,0.0,0.0,0.0,0
Kevin Johnson,,0.0,0.0,0.0,0.0,0.0,0.0,0.0,0.0,0
Kemba Walker,Mavericks,70.65,24.0,80.95,0.29,0.57,21.9,2.4,1.7,7
Bo Outlaw,,0.0,0.0,0.0,0.0,0.0,0.0,0.0,0.0,0
Alondes Williams,Nets,100.0,0.0,0.0,1.0,0.0,12.0,0.0,1.0,1
Junior Burrough,,0.0,0.0,0.0,0.0,0.0,0.0,0.0,0.0,0
Antonio McDyess,,0.0,0.0,0.0,0.0,0.0,0.0,0.0,0.0,0
Jon Barry,,0.0,0.0,0.0,0.0,0.0,0.0,0.0,0.0,0
Kira Lewis Jr.,Pelicans,75.0,44.12,86.36,0.32,0.4,12.9,0.9,1.3,25
Neemias Queta,Kings,91.67,0.0,0.0,0.2,0.0,13.2,0.2,2.2,5
Sharone Wright,,0.0,0.0,0.0,0.0,0.0,0.0,0.0,0.0,0
Andre Iguodala,Warriors,90.14,12.5,0.0,0.88,0.0,16.1,2.0,1.9,8
Avery Johnson,,0.0,0.0,0.0,0.0,0.0,0.0,0.0,0.0,0
McKinley Wright IV,Mavericks,76.96,36.0,80.0,0.43,0.24,16.0,2.3,2.0,21
Tyler Dorsey,Mavericks,0.0,0.0,0.0,0.0,0.0,0.0,0.0,0.0,1
Stanley Johnson,Spurs,85.42,45.95,68.57,0.85,0.31,24.1,2.1,3.3,26
Vlade Divac,,0.0,0.0,0.0,0.0,0.0,0.0,0.0,0.0,0
Brent Barry,,0.0,0.0,0.0,0.0,0.0,0.0,0.0,0.0,0
Greg Ostertag,,0.0,0.0,0.0,0.0,0.0,0.0,0.0,0.0,0
Matt Geiger,,0.0,0.0,0.0,0.0,0.0,0.0,0.0,0.0,0
Chris Whitney,,0.0,0.0,0.0,0.0,0.0,0.0,0.0,0.0,0
John Crotty,,0.0,0.0,0.0,0.0,0.0,0.0,0.0,0.0,0
Robert Williams III,Celtics,94.3,0.0,62.5,0.38,0.32,39.7,1.4,8.2,34
Chris Childs,,0.0,0.0,0.0,0.0,0.0,0.0,0.0,0.0,0
Charlie Ward,,0.0,0.0,0.0,0.0,0.0,0.0,0.0,0.0,0
Vern Fleming,,0.0,0.0,0.0,0.0,0.0,0.0,0.0,0.0,0
Voshon Lenard,,0.0,0.0,0.0,0.0,0.0,0.0,0.0,0.0,0
Zan Tabak,,0.0,0.0,0.0,0.0,0.0,0.0,0.0,0.0,0
Don Reid,,0.0,0.0,0.0,0.0,0.0,0.0,0.0,0.0,0
Joe Ingles,Bucks,78.7,41.4,85.71,0.81,0.1,24.8,3.3,2.9,42
Timofey Mozgov,,0.0,0.0,0.0,0.0,0.0,0.0,0.0,0.0,0
Arvydas Sabonis,,0.0,0.0,0.0,0.0,0.0,0.0,0.0,0.0,0
Wang Xuemeng,,0.0,0.0,0.0,0.0,0.0,0.0,0.0,0.0,0
Anthony Bowie,,0.0,0.0,0.0,0.0,0.0,0.0,0.0,0.0,0
Brooks Thompson,,0.0,0.0,0.0,0.0,0.0,0.0,0.0,0.0,0
Cedric Lewis,,0.0,0.0,0.0,0.0,0.0,0.0,0.0,0.0,0
Olden Polynice,,0.0,0.0,0.0,0.0,0.0,0.0,0.0,0.0,0
Anthony Avent,,0.0,0.0,0.0,0.0,0.0,0.0,0.0,0.0,0
Benoit Benjamin,,0.0,0.0,0.0,0.0,0.0,0.0,0.0,0.0,0
Jason Caffey,,0.0,0.0,0.0,0.0,0.0,0.0,0.0,0.0,0
Frank Brickowski,,0.0,0.0,0.0,0.0,0.0,0.0,0.0,0.0,0
Felton Spencer,,0.0,0.0,0.0,0.0,0.0,0.0,0.0,0.0,0
Lamond Murray,,0.0,0.0,0.0,0.0,0.0,0.0,0.0,0.0,0
Chris Morris,,0.0,0.0,0.0,0.0,0.0,0.0,0.0,0.0,0
Darryl Johnson,,0.0,0.0,0.0,0.0,0.0,0.0,0.0,0.0,0
Alan Henderson,,0.0,0.0,0.0,0.0,0.0,0.0,0.0,0.0,0
Mike Peplowski,,0.0,0.0,0.0,0.0,0.0,0.0,0.0,0.0,0
Greg Sutton,,0.0,0.0,0.0,0.0,0.0,0.0,0.0,0.0,0
Rasheed Wallace,,0.0,0.0,0.0,0.0,0.0,0.0,0.0,0.0,0
Rastko Cvetkovic,,0.0,0.0,0.0,0.0,0.0,0.0,0.0,0.0,0
Hersey Hawkins,,0.0,0.0,0.0,0.0,0.0,0.0,0.0,0.0,0
Popeye Jones,,0.0,0.0,0.0,0.0,0.0,0.0,0.0,0.0,0
Matt Bullard,,0.0,0.0,0.0,0.0,0.0,0.0,0.0,0.0,0
Shawn Bradley,,0.0,0.0,0.0,0.0,0.0,0.0,0.0,0.0,0
Pooh Richardson,,0.0,0.0,0.0,0.0,0.0,0.0,0.0,0.0,0
Ledell Eackles,,0.0,0.0,0.0,0.0,0.0,0.0,0.0,0.0,0
Reggie Miller,,0.0,0.0,0.0,0.0,0.0,0.0,0.0,0.0,0
Sterling Brown,Lakers,80.0,0.0,0.0,0.0,0.25,8.0,0.5,2.0,4
Gary Trent,,0.0,0.0,0.0,0.0,0.0,0.0,0.0,0.0,0
Loren Meyer,,0.0,0.0,0.0,0.0,0.0,0.0,0.0,0.0,0
Dwayne Morton,,0.0,0.0,0.0,0.0,0.0,0.0,0.0,0.0,0
Dee Brown,,0.0,0.0,0.0,0.0,0.0,0.0,0.0,0.0,0
Dereon Seabron,Pelicans,62.5,0.0,0.0,0.0,0.33,3.3,0.0,0.3,3
PJ Dozier,Kings,66.18,12.5,0.0,0.18,0.09,8.4,0.9,1.3,11
Gary Payton II,"Warriors, Trail Blazers",88.55,43.48,85.71,0.3,0.05,20.9,1.2,3.2,20
Trevor Ruffin,,0.0,0.0,0.0,0.0,0.0,0.0,0.0,0.0,0
Jared Rhoden,Pistons,78.69,26.32,100.0,0.08,0.42,16.9,0.3,2.9,12
Eldridge Recasner,,0.0,0.0,0.0,0.0,0.0,0.0,0.0,0.0,0
Dino Radja,,0.0,0.0,0.0,0.0,0.0,0.0,0.0,0.0,0
Ricky Rubio,Cavaliers,75.97,29.85,80.65,0.5,0.43,21.2,3.3,2.1,28
Eric Montross,,0.0,0.0,0.0,0.0,0.0,0.0,0.0,0.0,0
Sedale Threatt,,0.0,0.0,0.0,0.0,0.0,0.0,0.0,0.0,0
Saben Lee,Suns,74.63,40.74,71.15,0.75,0.65,22.4,3.0,2.1,20
Carlos Rogers,,0.0,0.0,0.0,0.0,0.0,0.0,0.0,0.0,0
Glenn Robinson,,0.0,0.0,0.0,0.0,0.0,0.0,0.0,0.0,0
Chauncey Billups,,0.0,0.0,0.0,0.0,0.0,0.0,0.0,0.0,0
Tom Hammonds,,0.0,0.0,0.0,0.0,0.0,0.0,0.0,0.0,0
Michael Curry,,0.0,0.0,0.0,0.0,0.0,0.0,0.0,0.0,0
Scott Williams,,0.0,0.0,0.0,0.0,0.0,0.0,0.0,0.0,0
Terry Catledge,,0.0,0.0,0.0,0.0,0.0,0.0,0.0,0.0,0
Joe Wieskamp,Raptors,61.9,33.33,0.0,0.2,0.2,5.8,0.6,0.4,5
Carlik Jones,Bulls,70.97,50.0,62.5,0.2,0.4,10.4,1.2,1.0,5
Alonzo Mourning,,0.0,0.0,0.0,0.0,0.0,0.0,0.0,0.0,0
Greg Grant,,0.0,0.0,0.0,0.0,0.0,0.0,0.0,0.0,0
Tony Dumas,,0.0,0.0,0.0,0.0,0.0,0.0,0.0,0.0,0
Ed O'Bannon,,0.0,0.0,0.0,0.0,0.0,0.0,0.0,0.0,0
Dan Majerle,,0.0,0.0,0.0,0.0,0.0,0.0,0.0,0.0,0
Jonathan Isaac,Magic,72.64,33.33,55.56,0.0,0.1,16.3,0.5,3.7,10
Jeff Grayer,,0.0,0.0,0.0,0.0,0.0,0.0,0.0,0.0,0
Rod Strickland,,0.0,0.0,0.0,0.0,0.0,0.0,0.0,0.0,0
Charles Jones,,0.0,0.0,0.0,0.0,0.0,0.0,0.0,0.0,0
Scott Brooks,,0.0,0.0,0.0,0.0,0.0,0.0,0.0,0.0,0
Mark Jackson,,0.0,0.0,0.0,0.0,0.0,0.0,0.0,0.0,0
Tracy Murray,,0.0,0.0,0.0,0.0,0.0,0.0,0.0,0.0,0
Danny Green,"Cavaliers, Grizzlies",74.19,43.48,0.0,0.12,0.12,12.8,0.5,1.2,8
Dell Curry,,0.0,0.0,0.0,0.0,0.0,0.0,0.0,0.0,0
Dwayne Schintzius,,0.0,0.0,0.0,0.0,0.0,0.0,0.0,0.0,0
Frankie King,,0.0,0.0,0.0,0.0,0.0,0.0,0.0,0.0,0
Daniel Theis,Pacers,76.77,18.18,41.67,0.0,0.43,22.7,1.3,3.1,7
Terry Davis,,0.0,0.0,0.0,0.0,0.0,0.0,0.0,0.0,0
Keith Askins,,0.0,0.0,0.0,0.0,0.0,0.0,0.0,0.0,0
Tim Legler,,0.0,0.0,0.0,0.0,0.0,0.0,0.0,0.0,0
Craig Ehlo,,0.0,0.0,0.0,0.0,0.0,0.0,0.0,0.0,0
Deonte Burton,Kings,33.33,0.0,0.0,0.0,0.5,1.0,0.0,0.0,2
Clar. Weatherspoon,,0.0,0.0,0.0,0.0,0.0,0.0,0.0,0.0,0
Darius Days,Rockets,68.18,30.0,100.0,0.0,0.25,8.8,0.2,1.5,4
Chris Silva,Mavericks,100.0,0.0,0.0,0.0,0.0,8.0,0.0,0.0,1
Brian Shaw,,0.0,0.0,0.0,0.0,0.0,0.0,0.0,0.0,0
Bobby Hurley,,0.0,0.0,0.0,0.0,0.0,0.0,0.0,0.0,0
Derrick McKey,,0.0,0.0,0.0,0.0,0.0,0.0,0.0,0.0,0
Will Perdue,,0.0,0.0,0.0,0.0,0.0,0.0,0.0,0.0,0
Eric Mobley,,0.0,0.0,0.0,0.0,0.0,0.0,0.0,0.0,0
Dikembe Mutombo,,0.0,0.0,0.0,0.0,0.0,0.0,0.0,0.0,0
Chris King,,0.0,0.0,0.0,0.0,0.0,0.0,0.0,0.0,0
Jamaree Bouyea,Heat,82.93,40.0,50.0,0.5,0.25,17.8,1.0,1.2,4
Nick Anderson,,0.0,0.0,0.0,0.0,0.0,0.0,0.0,0.0,0
Quenton Jackson,Wizards,68.75,10.0,75.0,0.12,0.25,13.0,1.8,0.9,8
John Stockton,,0.0,0.0,0.0,0.0,0.0,0.0,0.0,0.0,0
John Battle,,0.0,0.0,0.0,0.0,0.0,0.0,0.0,0.0,0
Karl Malone,,0.0,0.0,0.0,0.0,0.0,0.0,0.0,0.0,0
Stanley Umude,Pistons,0.0,0.0,100.0,0.0,0.0,2.0,0.0,0.0,1
Kris Dunn,Jazz,79.08,43.75,77.36,0.76,0.76,37.2,5.8,4.7,21
Elmore Spencer,,0.0,0.0,0.0,0.0,0.0,0.0,0.0,0.0,0
Byron Houston,,0.0,0.0,0.0,0.0,0.0,0.0,0.0,0.0,0
Terry Mills,,0.0,0.0,0.0,0.0,0.0,0.0,0.0,0.0,0
Cory Alexander,,0.0,0.0,0.0,0.0,0.0,0.0,0.0,0.0,0
Marty Conlon,,0.0,0.0,0.0,0.0,0.0,0.0,0.0,0.0,0
Cody Zeller,Heat,87.88,0.0,69.57,0.27,0.27,27.8,0.7,4.3,11
Jae Crowder,Bucks,80.09,44.9,83.33,0.06,0.12,23.2,1.5,3.8,17
Meyers Leonard,Bucks,86.92,41.18,88.89,0.12,0.25,25.1,0.1,4.1,8
David Wood,,0.0,0.0,0.0,0.0,0.0,0.0,0.0,0.0,0
Robert Horry,,0.0,0.0,0.0,0.0,0.0,0.0,0.0,0.0,0
Johnny Juzang,Jazz,62.07,21.05,50.0,0.06,0.12,13.5,0.5,2.2,17
Danny Ferry,,0.0,0.0,0.0,0.0,0.0,0.0,0.0,0.0,0
Steve Kerr,,0.0,0.0,0.0,0.0,0.0,0.0,0.0,0.0,0
Darrick Martin,,0.0,0.0,0.0,0.0,0.0,0.0,0.0,0.0,0
Trevor Keels,Knicks,66.67,50.0,0.0,0.0,0.0,5.0,0.0,1.0,1
Steve Colter,,0.0,0.0,0.0,0.0,0.0,0.0,0.0,0.0,0
P.J. Brown,,0.0,0.0,0.0,0.0,0.0,0.0,0.0,0.0,0
Bison Dele,,0.0,0.0,0.0,0.0,0.0,0.0,0.0,0.0,0
Frank Jackson,Jazz,40.0,0.0,0.0,0.0,0.0,4.0,1.0,2.0,1
Jared Butler,Thunder,71.19,50.0,0.0,0.6,0.8,18.2,1.6,0.8,5
Buddy Boeheim,Pistons,53.19,16.0,100.0,0.0,0.0,6.2,0.4,0.7,9
Sam Merrill,Cavaliers,61.11,22.22,0.0,0.0,0.0,6.0,1.0,1.2,4
Joe Smith,,0.0,0.0,0.0,0.0,0.0,0.0,0.0,0.0,0
Pervis Ellison,,0.0,0.0,0.0,0.0,0.0,0.0,0.0,0.0,0
Anthony Miller,,0.0,0.0,0.0,0.0,0.0,0.0,0.0,0.0,0
Horace Grant,,0.0,0.0,0.0,0.0,0.0,0.0,0.0,0.0,0
Olivier Sarr,Thunder,86.36,16.67,71.43,0.29,0.0,22.6,0.6,4.0,7
Bryant Stith,,0.0,0.0,0.0,0.0,0.0,0.0,0.0,0.0,0
Doug Overton,,0.0,0.0,0.0,0.0,0.0,0.0,0.0,0.0,0
Omer Yurtseven,Heat,87.34,42.86,83.33,0.38,0.12,18.2,0.2,2.8,8
Jay Huff,Wizards,86.3,50.0,93.75,0.5,0.0,24.5,1.3,3.5,6
Dylan Windler,Cavaliers,83.33,50.0,0.0,0.5,0.0,5.5,0.5,0.0,2
Isaiah Rider,,0.0,0.0,0.0,0.0,0.0,0.0,0.0,0.0,0
Eric Snow,,0.0,0.0,0.0,0.0,0.0,0.0,0.0,0.0,0
Lindell Wigginton,Bucks,74.67,33.33,88.89,1.0,0.33,21.0,2.3,1.2,6
Xavier Cooks,Wizards,89.0,0.0,40.0,0.67,0.33,20.2,0.6,4.1,9
Nick Van Exel,,0.0,0.0,0.0,0.0,0.0,0.0,0.0,0.0,0
Kevin Edwards,,0.0,0.0,0.0,0.0,0.0,0.0,0.0,0.0,0
Jeff Hornacek,,0.0,0.0,0.0,0.0,0.0,0.0,0.0,0.0,0
Calbert Cheaney,,0.0,0.0,0.0,0.0,0.0,0.0,0.0,0.0,0
Kurt Thomas,,0.0,0.0,0.0,0.0,0.0,0.0,0.0,0.0,0
Bill Curley,,0.0,0.0,0.0,0.0,0.0,0.0,0.0,0.0,0
Jarrell Brantley,Jazz,79.31,44.44,100.0,0.67,0.0,17.3,1.0,2.0,3
Xavier Moon,Clippers,60.0,33.33,0.0,0.0,0.0,4.8,1.2,0.8,4
Pan Zhenqi,,0.0,0.0,0.0,0.0,0.0,0.0,0.0,0.0,0
Jerry Stackhouse,,0.0,0.0,0.0,0.0,0.0,0.0,0.0,0.0,0
Luka Samanic,Jazz,78.01,25.81,69.23,0.86,0.43,33.9,2.1,4.3,7
David Benoit,,0.0,0.0,0.0,0.0,0.0,0.0,0.0,0.0,0
Lester Quinones,Warriors,78.57,50.0,66.67,0.25,0.0,7.0,0.5,0.8,4
Skylar Mays,Trail Blazers,75.18,46.15,92.31,0.83,1.33,38.3,8.3,3.2,6
Shaquille Harrison,Trail Blazers,76.4,30.0,73.33,0.4,0.4,30.0,6.0,4.4,5
Xavier Sneed,Hornets,84.85,50.0,100.0,0.25,0.25,15.8,1.2,1.2,4
Kobi Simmons,Hornets,55.56,25.0,100.0,0.0,0.0,4.3,0.7,0.7,3
Jay Scrubb,Magic,91.3,100.0,50.0,0.5,1.0,22.5,0.5,3.0,2
Michael Carter-Williams,Magic,79.49,33.33,57.14,0.5,0.5,16.8,1.8,1.2,4
Jeenathan Williams,Trail Blazers,82.76,37.5,66.67,0.4,0.4,29.8,2.0,3.0,5
Duane Ferrell,,0.0,0.0,0.0,0.0,0.0,0.0,0.0,0.0,0
Sam Perkins,,0.0,0.0,0.0,0.0,0.0,0.0,0.0,0.0,0
Donovan Williams,Hawks,57.14,0.0,0.0,0.0,0.0,4.0,0.0,1.0,2
Justin Minaya,Trail Blazers,73.33,25.0,0.0,0.5,0.0,22.8,1.0,3.8,4
Antonio Lang,,0.0,0.0,0.0,0.0,0.0,0.0,0.0,0.0,0
Gabe York,Pacers,68.29,33.33,100.0,0.0,0.67,21.3,1.7,2.0,3
Dwayne Whitfield,,0.0,0.0,0.0,0.0,0.0,0.0,0.0,0.0,0
Mac McClung,76ers,81.82,50.0,100.0,2.0,1.0,21.0,0.0,1.0,1
Chance Comanche,Trail Blazers,75.0,0.0,25.0,0.0,0.0,13.0,0.0,3.0,1
Jacob Gilyard,Grizzlies,84.62,33.33,0.0,1.0,0.0,23.0,7.0,4.0,1
Brian Grant,,0.0,0.0,0.0,0.0,0.0,0.0,0.0,0.0,0
Michael Foster Jr.,,0.0,0.0,0.0,0.0,0.0,0.0,0.0,0.0,0
